NC_000962.3	27518	.	TAAAAA	TAAAA	225.417	.
NC_000962.3	47136	.	ACC	AC	225.417	.
NC_000962.3	47138	.	CTTT	CTT	228.316	.
NC_000962.3	49233	.	AGGG	AGG	228.41	.
NC_000962.3	55553	.	CCG	CCGTCG	182.416	.
NC_000962.3	71584	.	CCG	CCGAGCGCTGTTCTGGCGCTAATCTGACGCTAGAATAGCG	111.285	.
NC_000962.3	125830	.	GAAAA	GAAAAA	225.417	.
NC_000962.3	131174	.	TGG	TGGG	225.417	.
NC_000962.3	234496	.	C	CGT	228.331	.
NC_000962.3	330711	.	GCACCATGAACCATCTGGCGT	G	228.264	.
NC_000962.3	335810	.	CCCGCCGGCGCCGCCGTTGCCGCCGGCGCCGCCGTTGCCGCCGGCGCCGCCGTTG	CCCGCCGGCGCCGCCGTTGCCGCCGGCGCCGCCGTTG	202.836	.
NC_000962.3	373282	.	TAA	TA	225.417	.
NC_000962.3	424320	.	TCC	TCCC	225.417	.
NC_000962.3	427310	.	TTGCCGAGGTTTGCACTGCCGAGGTTTGCACTGCCGAGGTTTGCACTGCCGAGGTTTGCACTGCC	TTGCCGAGGTTTGCACTGCCGAGGTTTGCACTGCCGAGGTTTGCACTGCC	182.416	.
NC_000962.3	467497	.	CGGG	CGGGG	190.217	.
NC_000962.3	467508	.	CG	CGG	175.416	.
NC_000962.3	510275	.	GCCCC	GCCC	228.299	.
NC_000962.3	580773	.	GGGGGCACCACCCGCTTGCGGGGGAG	GG	225.417	.
NC_000962.3	599200	.	GTTTTT	GTTTT	219.16	.
NC_000962.3	757020	.	CGG	CG	225.417	.
NC_000962.3	779920	.	CCGGCGG	CCGG	225.417	.
NC_000962.3	854252	.	GCCCCCCCCC	GCCCCCCCC	179.182	.
NC_000962.3	868106	.	GGCGCGCGC	GGCGCGCGCGCGC	204.417	.
NC_000962.3	874835	.	CC	CCGC	225.417	.
NC_000962.3	931024	.	GTTT	GTTTT	228.35	.
NC_000962.3	946061	.	AGCGCGCGC	AGCGCGC	225.417	.
NC_000962.3	968426	.	AGCCGGGTTGGCCGG	AGCCGGGTTGGCCGGGTTGGCCGG	224.1	.
NC_000962.3	976897	.	TGGGGGGGGG	TGGGGGGGG	145.198	.
NC_000962.3	996698	.	GA	G	225.417	.
NC_000962.3	1010204	.	CGG	CGGG	228.345	.
NC_000962.3	1165521	.	TA	TAA	225.417	.
NC_000962.3	1168715	.	CTT	CTTT	225.417	.
NC_000962.3	1188514	.	ACCCTTGCCGCCGTTGCCGCCGTTGCCGCCGTCACCGACCAACTGGGCGTCGCCGCCCTTGCCGCCGTTGCCGCCGTTGCCGCCGT	ACCCTTGCCGCCGTTGCCGCCGTTGCCGCCGT	50.4146	.
NC_000962.3	1212626	.	ACGGCGGCGCCGGCGG	ACGGCGG	225.417	.
NC_000962.3	1248635	.	TGG	TGGG	225.417	.
NC_000962.3	1277869	.	GT	GTT	225.417	.
NC_000962.3	1313337	.	A	AG	225.417	.
NC_000962.3	1340167	.	GGCCGCC	GGCC	228.401	.
NC_000962.3	1365837	.	CGGGG	CGGGGG	228.258	.
NC_000962.3	1573170	.	GCCC	GCC	52.4146	.
NC_000962.3	1612624	.	TATCGGTACCGGTGCGCCAGGGATTGGTACCGGTGCGCC	TATCGGTACCGGTGCGCCAGGGATCGGTACCGGTGCGCCAGGGATTGGTACCGGTGCGCC	44.8015	.
NC_000962.3	1622760	.	GTT	GTTT	225.417	.
NC_000962.3	1705681	.	CG	C	225.417	.
NC_000962.3	1753519	.	GCCCC	GCCCCC	228.276	.
NC_000962.3	1894300	.	GG	GGTCTTGCCGCG	225.417	.
NC_000962.3	2094911	.	ACAGCGTCAGCGTCAG	ACAGCGTCAG	225.417	.
NC_000962.3	2109523	.	CGG	CGGG	228.38	.
NC_000962.3	2133468	.	TTCGCAT	TTCGCATGCCGTCACCTCGCAT	225.417	.
NC_000962.3	2138245	.	CTGGTAATCCATTGT	CT	225.417	.
NC_000962.3	2181805	.	AG	A	225.417	.
NC_000962.3	2207591	.	T	TC	228.393	.
NC_000962.3	2221746	.	CCGGCG	CCGGCGGCG	225.417	.
NC_000962.3	2318142	.	ACCCCC	ACCCCCCC	24.4068	.
NC_000962.3	2357268	.	TGCCGCCGCCGCCGCCGCCG	TGCCGCCGCCGCCGCCG	179.416	.
NC_000962.3	2368564	.	TAA	TA	225.417	.
NC_000962.3	2523205	.	GCG	GCGCCG	228.298	.
NC_000962.3	2525722	.	CGGGGG	CGGGG	177.416	.
NC_000962.3	2534562	.	GGAG	GG	225.417	.
NC_000962.3	2557898	.	TGGGG	TGGGGG	228.178	.
NC_000962.3	2673261	.	CGGTGG	CGG	225.417	.
NC_000962.3	2704884	.	AC	ACAGCGACCATATCGCCGAGCTC	228.217	.
NC_000962.3	2865444	.	CGGGGG	CGGGGGG	225.417	.
NC_000962.3	2881597	.	AGGGGGG	AGGGGG	210.417	.
NC_000962.3	3051941	.	CGAGCCATAAGCCG	C	225.417	.
NC_000962.3	3131469	.	TTGT	TTGTCGGCGATGT	228.222	.
NC_000962.3	3190145	.	TCCCCCC	TCCCCC	228.332	.
NC_000962.3	3200390	.	GCTGGCC	GCTGGCCTGGCC	20.4103	.
NC_000962.3	3203367	.	CG	C	225.417	.
NC_000962.3	3380439	.	GC	GCC	225.417	.
NC_000962.3	3415180	.	ACACCTAGGGGGTGGCACCTAGGGGGTGGCAC	ACACCTAGGGGGTGGCAC	225.417	.
NC_000962.3	3425761	.	TGGG	TGG	225.417	.
NC_000962.3	3473996	.	GA	GAA	228.313	.
NC_000962.3	3536481	.	GAA	GAAA	225.417	.
NC_000962.3	3580636	.	CTTT	CTT	225.417	.
NC_000962.3	3590686	.	G	GC	225.417	.
NC_000962.3	3738516	.	CTGCCGCCGCTGCCGCCGT	CTGCCGCCGCTGCCGCCGTTGCCGCCGCTGCCGCCGT	221.725	.
NC_000962.3	3739808	.	GTTGCCGCCGTTGCCGCCGGCCGCGCCGCTCCCGTTGCCGGCGGTGCCGCCCTTGCCGCCGTTGCCGCC	GTTGCCGCCGTTGCCGCC	135.341	.
NC_000962.3	3779671	.	CGGCAACGGTGGCAACGGTGGCAACGGTG	CGGCAACGGTGGCAACGGTGGCAACGGTGGCAACGGTG	228.22	.
NC_000962.3	3820501	.	CCA	C	159.328	.
NC_000962.3	3843407	.	CGGGGG	CGGGG	228.404	.
NC_000962.3	3843678	.	CACACCATGGTGAACA	CACA	39.823	.
NC_000962.3	3844756	.	GCCCCC	GCCCC	225.417	.
NC_000962.3	3862472	.	GAA	GA	228.358	.
NC_000962.3	3928784	.	CCGGCGGGGCCGGCGG	CCGGCGGGGCCGGCGGTAACGGCGGGGCCGGCGG	228.394	.
NC_000962.3	3930476	.	ACGGCG	ACGGCGGCACCGGCG	225.417	.
NC_000962.3	3941491	.	AGGCGGGGCCGGCGGGGCCGGCGGGGCCGGCGG	AGGCGGGGCCGGCGGGGCCGGCGG	177.225	.
NC_000962.3	3941723	.	ACCCC	ACCC	10.7919	.
NC_000962.3	3948612	.	ACGGCGGCACCGGCGGCACCGGCGGCACCGGCGGCA	ACGGCGGCACCGGCGGCACCGGCGGCACCGGCGGCACCGGCGGCA	19.4046	.
NC_000962.3	3965324	.	CTT	CT	10.0156	.
NC_000962.3	3969423	.	GGCCGCCGCCGCCGCC	GGCCGCCGCCGCC	228.35	.
NC_000962.3	4095001	.	CG	C	228.391	.
NC_000962.3	4117641	.	TGTGGCCAGGGGTGGCCA	TGTGGCCA	42.3046	.
NC_000962.3	4168445	.	GCGCGGACGGGAACGCGGACGGGAACGCGGACGGGAAC	GCGCGGACGGGAACGCGGACGGGAAC	225.417	.
NC_000962.3	4198611	.	CGGGGG	CGGGG	225.417	.
NC_000962.3	4251293	.	CGGGGGGG	CGGGGGG	225.417	.
NC_000962.3	4338595	.	GC	G	225.417	.
NC_000962.3	4383144	.	CC	CCGGGGC	225.417	.
NC_000962.3	4386016	.	AT	A	225.417	.
NC_000962.3	4400660	.	ACCC	ACC	225.417	.
NC_000962.3	4411028	.	TGG	TG	225.417	.
